file_name,label
865977163.mp4,10
573436213_128_138.mp4,6
697397329_110_120.mp4,4
899865823.mp4,9
540348026_28_38.mp4,8
749942461_74_84.mp4,2
864289450_32_42.mp4,3
887501624.mp4,11
556382066_145_155.mp4,6
676344603_70_80.mp4,6
408600299_117_127.mp4,6
626640836_15_25.mp4,12
774327707.mp4,9
857984675.mp4,10
688364453.mp4,1
626654758_145_155.mp4,7
429736530_10_20.mp4,12
868096020.mp4,13
870573538.mp4,1
820130552.mp4,0
676636563_70_80.mp4,7
698099499_9_19.mp4,8
764639674_41_51.mp4,8
514384290.mp4,9
896815595_211_221.mp4,6
617981682_220_230.mp4,7
830404487.mp4,1
852930452_178_188.mp4,1
639250267_220_230.mp4,7
697397329_52_62.mp4,4
829934723_164_174.mp4,5
873006562.mp4,5
776449937.mp4,10
59542068.mp4,10
862817753.mp4,10
884621194.mp4,13
868490705.mp4,3
870498360.mp4,9
635644677_101_111.mp4,7
30018754.mp4,4
615284468_36_46.mp4,8
438532167_36_46.mp4,6
39320084.mp4,5
623074231_70_80.mp4,7
695585839_70_80.mp4,7
881951515.mp4,10
832794828_47_57.mp4,6
889208876.mp4,10
895265820_10_20.mp4,1
626014566.mp4,12
706755641.mp4,0
639123480.mp4,9
699578156_70_80.mp4,7
882760008.mp4,14
695523226_70_80.mp4,7
761042646_145_155.mp4,7
617926001_33_43.mp4,8
843210893_177_187.mp4,6
636873741_62_72.mp4,7
408599503_47_57.mp4,6
857407018_145_155.mp4,13
880362805.mp4,9
74147795.mp4,4
822833754_48_58.mp4,14
565820325.mp4,9
879547948.mp4,12
729324696_8_18.mp4,8
54945826.mp4,9
748103329.mp4,9
876477001.mp4,2
790494613_39_49.mp4,7
776358091_145_155.mp4,7
798027569_29_39.mp4,7
878575231.mp4,13
6707281.mp4,9
712154763.mp4,14
885365555.mp4,11
753444376.mp4,9
541318264.mp4,9
850808198.mp4,11
787361511_17_27.mp4,8
695285383_220_230.mp4,7
797546417_72_82.mp4,7
368475257.mp4,10
573436213_173_183.mp4,6
875400691.mp4,2
830345084.mp4,12
308166809.mp4,9
877523625.mp4,11
877249843.mp4,3
748491221_220_230.mp4,7
59914539.mp4,10
870106187.mp4,12
863068014.mp4,3
858493557_116_126.mp4,2
882929978_144_154.mp4,12
502611997.mp4,5
888739850_32_42.mp4,2
859506628_196_206.mp4,7
886339379_26_36.mp4,7
626800897_217_227.mp4,7
73060951.mp4,4
837886335.mp4,10
697317054_67_77.mp4,12
40200996.mp4,0
790103905.mp4,5
872048877.mp4,3
843371602.mp4,10
641554605_70_80.mp4,7
641554605_220_230.mp4,7
576776907.mp4,10
558661802.mp4,9
871165537.mp4,9
856436598.mp4,1
57105294.mp4,9
546648200_30_40.mp4,12
842701577.mp4,10
879817699.mp4,7
643955341.mp4,1
631397037_153_163.mp4,7
307240559.mp4,10
306772421.mp4,11
775481918.mp4,10
898713711.mp4,1
349118501.mp4,9
874379975.mp4,7
637674945.mp4,12
325491436.mp4,5
894157778.mp4,4
722620921.mp4,11
892779858_170_180.mp4,2
737518908_146_156.mp4,10
887486577.mp4,2
567746361.mp4,1
898839907.mp4,9
850459947.mp4,9
71257269.mp4,11
695599119_54_64.mp4,13
801303647.mp4,9
898969484_32_42.mp4,3
885579319.mp4,3
888671701.mp4,3
791726161.mp4,8
689998346_70_80.mp4,7
303866446.mp4,0
863818416.mp4,4
862528275.mp4,3
358656638.mp4,5
693131329_145_155.mp4,7
860191108.mp4,4
641025194_186_196.mp4,6
5642462.mp4,9
602483988_142_152.mp4,8
873717291_45_55.mp4,6
826212130_10_20.mp4,14
64309982.mp4,5
641803391.mp4,12
690153645_70_80.mp4,7
747948309_10_20.mp4,6
683965826_70_80.mp4,7
872815707.mp4,2
853720165.mp4,11
712265316.mp4,1
829908958.mp4,5
858926243.mp4,10
606169000_143_153.mp4,8
749414004.mp4,9
765155432_53_63.mp4,8
729641465.mp4,9
611465932_16_26.mp4,12
879303638.mp4,3
875739492.mp4,4
869923752.mp4,9
841981499_145_155.mp4,6
766581798.mp4,2
830625195.mp4,9
894563951.mp4,9
303783414.mp4,0
855660919_11_21.mp4,2
50461387.mp4,5
706186804_211_221.mp4,6
854822864.mp4,2
333157148.mp4,1
325213068.mp4,5
631397037_47_57.mp4,6
693550664.mp4,11
577824608.mp4,10
747948309_41_51.mp4,11
875020414.mp4,3
828364025_31_41.mp4,10
879516906.mp4,2
845864817.mp4,12
857783106.mp4,10
815032153.mp4,10
858710699.mp4,10
537451045_56_66.mp4,12
547837942_145_155.mp4,6
303942687.mp4,0
543128149.mp4,9
39321827.mp4,0
698571268.mp4,5
57351046.mp4,5
786476903.mp4,1
744247349.mp4,10
873890800.mp4,6
632496482_131_141.mp4,6
818855951.mp4,13
890929937_18_28.mp4,4
837148190.mp4,4
774775670.mp4,8
360909295.mp4,10
344025523.mp4,5
844872838.mp4,9
545952117.mp4,6
61686127.mp4,10
635754867_8_18.mp4,3
813428264.mp4,10
853499607.mp4,10
6946994.mp4,14
671288999.mp4,8
851988511.mp4,11
778582774_145_155.mp4,7
568191064_27_37.mp4,12
537167457.mp4,9
877107361.mp4,2
875168691.mp4,3
829923135_61_71.mp4,7
870868157.mp4,3
574253307.mp4,9
878078287.mp4,2
8744603.mp4,0
608289523.mp4,9
329729162.mp4,5
69482322.mp4,4
70396709.mp4,4
718805350_7_17.mp4,8
690204471_145_155.mp4,7
736167763.mp4,10
5051730.mp4,5
885328640.mp4,13
859592443.mp4,4
7416208.mp4,0
697070157_177_187.mp4,6
800849666_70_80.mp4,8
888514991_55_65.mp4,1
877917485.mp4,8
813514296_12_22.mp4,13
537271104.mp4,12
831876.mp4,0
560572233.mp4,5
6732761.mp4,4
310524138.mp4,5
879003911.mp4,2
535778223.mp4,9
828058750_130_140.mp4,7
862565823.mp4,13
699517398.mp4,8
876037195_13_23.mp4,2
603115289_33_43.mp4,12
768032195_70_80.mp4,7
545297066.mp4,5
469167330_18_28.mp4,12
409854840.mp4,10
860892905.mp4,11
879744805.mp4,9
5902704.mp4,9
870561850.mp4,14
888514991_85_95.mp4,1
896906535.mp4,11
850441472.mp4,11
639669265.mp4,9
885245494.mp4,9
541586604.mp4,4
717586170_10_20.mp4,13
694085350.mp4,1
855780574_39_49.mp4,2
875649979.mp4,3
887611305.mp4,10
30393422.mp4,4
42484282.mp4,5
518226293.mp4,5
879825155_56_66.mp4,14
796231945_27_37.mp4,13
689096551.mp4,9
888514991_25_35.mp4,1
864224574.mp4,3
38627793.mp4,5
337689228.mp4,5
854991739.mp4,4
787361511_51_61.mp4,8
871106242.mp4,4
830715480.mp4,9
759669572.mp4,7
884937937.mp4,10
636781507_139_149.mp4,7
872979960.mp4,10
682933378.mp4,10
593524959.mp4,6
765629064.mp4,9
872808790.mp4,4
877334717.mp4,3
715079080.mp4,9
878660720.mp4,3
807122394.mp4,0
36845841.mp4,5
768223187.mp4,9
812120053.mp4,9
831668193.mp4,9
870653292.mp4,10
48575368.mp4,9
857688282.mp4,4
564176396.mp4,6
52378965.mp4,4
848738021.mp4,11
792710970.mp4,4
304078846.mp4,0
848484606.mp4,3
514132032_99_109.mp4,7
872395934.mp4,11
883241555_54_64.mp4,9
797546417_46_56.mp4,7
690925482.mp4,7
581135285.mp4,9
832620875.mp4,5
766591301_68_78.mp4,8
5738877.mp4,0
876187466.mp4,3
877583516_74_84.mp4,3
603592416.mp4,9
897974621_70_80.mp4,2
862680857_157_167.mp4,2
890402646.mp4,1
676175358.mp4,9
862063858.mp4,9
69498975.mp4,5
543121627.mp4,0
705087609_4_14.mp4,12
5258353.mp4,5
670254098_42_52.mp4,6
862381695.mp4,3
671130847.mp4,9
774378691_22_32.mp4,13
863946914_23_33.mp4,3
372815696.mp4,9
760912618.mp4,10
34623580.mp4,10
873459929.mp4,4
896859690_38_48.mp4,2
879095619.mp4,3
897408931_220_230.mp4,14
891644597.mp4,9
326999982.mp4,5
706227531.mp4,4
895698686.mp4,5
868019225_220_230.mp4,7
699205724_30_40.mp4,1
882929978_218_228.mp4,12
333014934.mp4,10
870957188.mp4,3
363902454.mp4,5
765713702.mp4,9
729324696_48_58.mp4,8
820039737_57_67.mp4,2
883309129.mp4,3
704471180.mp4,9
871377238.mp4,3
556337074.mp4,1
551123797_30_40.mp4,6
870971371.mp4,1
346789577.mp4,5
898979241_23_33.mp4,13
79748834.mp4,9
601130160.mp4,9
873717291_20_30.mp4,6
887213280.mp4,10
882943963_103_113.mp4,2
874273086.mp4,4
773924242_46_56.mp4,6
878575545.mp4,3
863149037.mp4,2
869682146.mp4,1
849380467.mp4,11
305345937.mp4,5
6492032.mp4,9
893894475.mp4,3
784648406_32_42.mp4,14
789843145.mp4,11
72588892.mp4,4
783913871_220_230.mp4,7
857622450.mp4,3
744306825_95_105.mp4,14
674641233_95_105.mp4,8
636918173.mp4,1
892760815_57_67.mp4,2
600413707_144_154.mp4,6
6107590.mp4,3
839001830.mp4,13
896533106.mp4,13
871706274_71_81.mp4,13
813337887_25_35.mp4,7
870407356_41_51.mp4,9
896702363.mp4,3
878986246.mp4,10
815881327.mp4,12
666643153.mp4,9
303746162.mp4,0
858720824.mp4,3
551709731.mp4,9
651622935.mp4,11
857410894.mp4,9
874001655.mp4,9
536112086.mp4,9
836016047_59_69.mp4,2
871273898_41_51.mp4,8
477818029_5_15.mp4,12
864558817.mp4,10
797235482_145_155.mp4,7
592129807.mp4,11
617926001_7_17.mp4,8
796231945_11_21.mp4,2
303771055.mp4,10
702870911_22_32.mp4,9
554809537.mp4,9
853244558.mp4,0
855121784.mp4,4
883775405.mp4,3
865456576_80_90.mp4,12
788994036_5_15.mp4,13
510664476.mp4,0
514132032_29_39.mp4,6
899731707_220_230.mp4,7
894518711.mp4,2
5266876.mp4,4
828113785.mp4,0
695585839_145_155.mp4,7
632496482_199_209.mp4,7
864470780_220_230.mp4,7
696564664_58_68.mp4,8
372665420.mp4,5
878732672_52_62.mp4,1
882718107.mp4,9
365340885.mp4,9
873310341.mp4,10
607278238.mp4,9
691373102.mp4,14
691825569_70_80.mp4,6
852924390.mp4,1
371042623.mp4,5
889213666.mp4,10
888065475.mp4,3
501034834.mp4,12
711973310_16_26.mp4,7
87223749.mp4,10
817822054_32_42.mp4,6
856158461.mp4,3
878038920.mp4,10
627448934.mp4,9
826153989.mp4,9
498827293.mp4,9
873574846.mp4,2
869489791_145_155.mp4,7
890010075.mp4,9
899183470.mp4,2
48362666.mp4,4
77267354.mp4,0
588848124.mp4,9
850712126.mp4,4
332385400.mp4,5
869178884.mp4,12
551123797_12_22.mp4,6
303922809.mp4,0
669938845_106_116.mp4,6
882203263.mp4,8
352065396.mp4,9
632568975_196_206.mp4,7
82722526.mp4,5
515340506.mp4,9
477818029_16_26.mp4,12
794987630.mp4,12
690204471_70_80.mp4,7
875705468_4_14.mp4,14
875644481.mp4,13
874969579.mp4,4
508659635.mp4,5
635754867_34_44.mp4,11
871493696.mp4,3
868673979_22_32.mp4,11
515111914.mp4,4
556786463.mp4,9
896818669.mp4,3
891555421.mp4,4
89318058.mp4,6
837503823.mp4,10
871184135.mp4,9
320717634.mp4,5
722887206.mp4,10
477019121_32_42.mp4,12
304069544.mp4,9
606999518_38_48.mp4,8
765155432_72_82.mp4,9
556558364.mp4,5
896319825.mp4,3
79119610.mp4,4
800413801_45_55.mp4,8
581001724_11_21.mp4,12
712309585.mp4,9
770845101.mp4,1
717407230_22_32.mp4,8
885102361.mp4,3
611465932_5_15.mp4,12
872986829.mp4,8
813210203.mp4,9
612927417.mp4,9
69928630.mp4,5
636288992.mp4,9
614153128.mp4,11
863169253.mp4,3
71914397.mp4,5
770115835.mp4,3
629457573.mp4,9
320101153.mp4,5
881899394.mp4,6
51488569.mp4,4
52503778.mp4,4
701407973.mp4,9
857104142.mp4,7
707345459.mp4,10
833873906_16_26.mp4,10
881902836.mp4,8
36012750.mp4,5
895794270_40_50.mp4,3
504537941_192_202.mp4,12
505706809_9_19.mp4,12
794662928_70_80.mp4,7
827826075.mp4,11
49216813.mp4,5
770499232.mp4,9
304037982.mp4,0
874937798.mp4,3
897123691_67_77.mp4,2
718805350_33_43.mp4,2
784648406_69_79.mp4,14
843718136.mp4,11
602356487.mp4,9
893758840.mp4,1
880002110_96_106.mp4,1
880869158.mp4,3
623849245_45_55.mp4,9
786807426.mp4,9
773243351_129_139.mp4,8
605741545_101_111.mp4,12
602442067_25_35.mp4,12
819154079_220_230.mp4,7
749942461_58_68.mp4,8
838716540.mp4,11
341676117.mp4,5
897551456.mp4,9
601676033.mp4,9
884748270_152_162.mp4,13
750939902.mp4,9
882929978_69_79.mp4,12
867206855_47_57.mp4,12
